,Wk,Day,Date,Time,Home,xG,Score,Away,Attendance,Venue,Referee,Match Report,Notes
0,1,Fri,2024-08-16,20:00,Manchester Utd,0.4,1–0,Fulham,"73,297",Old Trafford,Robert Jones,Match Report,
1,1,Sat,2024-08-17,12:30,Ipswich Town,2.6,0–2,Liverpool,"30,014",Portman Road Stadium,Tim Robinson,Match Report,
2,1,Sat,2024-08-17,15:00,Newcastle Utd,1.8,1–0,Southampton,"52,196",St James' Park,Craig Pawson,Match Report,
3,1,Sat,2024-08-17,15:00,Nott'ham Forest,1.2,1–1,Bournemouth,"29,763",The City Ground,Michael Oliver,Match Report,
4,1,Sat,2024-08-17,15:00,Everton,1.4,0–3,Brighton,"39,217",Goodison Park,Simon Hooper,Match Report,
5,1,Sat,2024-08-17,15:00,Arsenal,0.5,2–0,Wolves,"60,261",Emirates Stadium,Jarred Gillett,Match Report,
6,1,Sat,2024-08-17,17:30,West Ham,2.0,1–2,Aston Villa,"62,463",London Stadium,Tony Harrington,Match Report,
7,1,Sun,2024-08-18,14:00,Brentford,1.2,2–1,Crystal Palace,"16,988",Gtech Community Stadium,Samuel Barrott,Match Report,
8,1,Sun,2024-08-18,16:30,Chelsea,0.8,0–2,Manchester City,"39,818",Stamford Bridge,Anthony Taylor,Match Report,
9,1,Mon,2024-08-19,20:00,Leicester City,1.2,1–1,Tottenham,"31,977",King Power Stadium,Chris Kavanagh,Match Report,
10,,,,,,,,,,,,,
11,2,Sat,2024-08-24,12:30,Brighton,1.4,2–1,Manchester Utd,"31,537",The American Express Stadium,Craig Pawson,Match Report,
12,2,Sat,2024-08-24,15:00,Tottenham,1.0,4–0,Everton,"61,357",Tottenham Hotspur Stadium,Anthony Taylor,Match Report,
13,2,Sat,2024-08-24,15:00,Fulham,0.6,2–1,Leicester City,"25,401",Craven Cottage,Darren Bond,Match Report,
14,2,Sat,2024-08-24,15:00,Crystal Palace,1.4,0–2,West Ham,"25,099",Selhurst Park,Robert Jones,Match Report,
15,2,Sat,2024-08-24,15:00,Manchester City,0.3,4–1,Ipswich Town,"53,147",Etihad Stadium,Samuel Allison,Match Report,
16,2,Sat,2024-08-24,15:00,Southampton,2.2,0–1,Nott'ham Forest,"31,150",St Mary's Stadium,Samuel Barrott,Match Report,
17,2,Sat,2024-08-24,17:30,Aston Villa,0.9,0–2,Arsenal,"41,587",Villa Park,Michael Oliver,Match Report,
18,2,Sun,2024-08-25,14:00,Bournemouth,1.6,1–1,Newcastle Utd,"11,161",Vitality Stadium,David Coote,Match Report,
19,2,Sun,2024-08-25,14:00,Wolves,1.6,2–6,Chelsea,"31,235",Molineux Stadium,Darren England,Match Report,
20,2,Sun,2024-08-25,16:30,Liverpool,0.5,2–0,Brentford,"60,017",Anfield,Stuart Attwell,Match Report,
21,,,,,,,,,,,,,
22,3,Sat,2024-08-31,12:30,Arsenal,1.7,1–1,Brighton,"60,326",Emirates Stadium,Chris Kavanagh,Match Report,
23,3,Sat,2024-08-31,15:00,Everton,2.4,2–3,Bournemouth,"38,805",Goodison Park,Stuart Attwell,Match Report,
24,3,Sat,2024-08-31,15:00,Leicester City,1.4,1–2,Aston Villa,"31,725",King Power Stadium,David Coote,Match Report,
25,3,Sat,2024-08-31,15:00,Nott'ham Forest,0.7,1–1,Wolves,"29,918",The City Ground,Simon Hooper,Match Report,
26,3,Sat,2024-08-31,15:00,Ipswich Town,0.9,1–1,Fulham,"29,517",Portman Road Stadium,Lewis Smith,Match Report,
27,3,Sat,2024-08-31,15:00,Brentford,1.5,3–1,Southampton,"16,955",Gtech Community Stadium,Joshua Smith,Match Report,
28,3,Sat,2024-08-31,17:30,West Ham,3.0,1–3,Manchester City,"62,469",London Stadium,Michael Oliver,Match Report,
29,3,Sun,2024-09-01,13:30,Newcastle Utd,1.2,2–1,Tottenham,"52,211",St James' Park,Robert Jones,Match Report,
30,3,Sun,2024-09-01,13:30,Chelsea,0.5,1–1,Crystal Palace,"39,298",Stamford Bridge,Jarred Gillett,Match Report,
31,3,Sun,2024-09-01,16:00,Manchester Utd,1.8,0–3,Liverpool,"73,738",Old Trafford,Anthony Taylor,Match Report,
32,,,,,,,,,,,,,
33,4,Sat,2024-09-14,12:30,Southampton,2.6,0–3,Manchester Utd,"31,144",St Mary's Stadium,Stuart Attwell,Match Report,
34,4,Sat,2024-09-14,15:00,Brighton,0.3,0–0,Ipswich Town,"41,573",The American Express Stadium,Samuel Barrott,Match Report,
35,4,Sat,2024-09-14,15:00,Crystal Palace,1.2,2–2,Leicester City,"25,147",Selhurst Park,Tony Harrington,Match Report,
36,4,Sat,2024-09-14,15:00,Manchester City,1.0,2–1,Brentford,"52,148",Etihad Stadium,Darren Bond,Match Report,
37,4,Sat,2024-09-14,15:00,Liverpool,0.4,0–1,Nott'ham Forest,"60,344",Anfield,Michael Oliver,Match Report,
38,4,Sat,2024-09-14,15:00,Fulham,0.8,1–1,West Ham,"26,528",Craven Cottage,Tim Robinson,Match Report,
39,4,Sat,2024-09-14,17:30,Aston Villa,0.9,3–2,Everton,"41,573",Villa Park,Craig Pawson,Match Report,
40,4,Sat,2024-09-14,20:00,Bournemouth,0.8,0–1,Chelsea,"11,235",Vitality Stadium,Anthony Taylor,Match Report,
41,4,Sun,2024-09-15,14:00,Tottenham,0.7,0–1,Arsenal,"61,645",Tottenham Hotspur Stadium,Jarred Gillett,Match Report,
42,4,Sun,2024-09-15,16:30,Wolves,1.5,1–2,Newcastle Utd,"30,255",Molineux Stadium,Chris Kavanagh,Match Report,
43,,,,,,,,,,,,,
44,5,Sat,2024-09-21,12:30,West Ham,2.2,0–3,Chelsea,"62,473",London Stadium,Samuel Barrott,Match Report,
45,5,Sat,2024-09-21,15:00,Liverpool,1.1,3–0,Bournemouth,"60,347",Anfield,Tony Harrington,Match Report,
46,5,Sat,2024-09-21,15:00,Leicester City,1.1,1–1,Everton,"31,765",King Power Stadium,Darren England,Match Report,
47,5,Sat,2024-09-21,15:00,Southampton,1.6,1–1,Ipswich Town,"31,117",St Mary's Stadium,Samuel Allison,Match Report,
48,5,Sat,2024-09-21,15:00,Tottenham,0.8,3–1,Brentford,"61,246",Tottenham Hotspur Stadium,John Brooks,Match Report,
49,5,Sat,2024-09-21,15:00,Fulham,1.5,3–1,Newcastle Utd,"25,700",Craven Cottage,Peter Bankes,Match Report,
50,5,Sat,2024-09-21,15:00,Aston Villa,0.5,3–1,Wolves,"39,978",Villa Park,Tim Robinson,Match Report,
51,5,Sat,2024-09-21,17:30,Crystal Palace,1.6,0–0,Manchester Utd,"25,172",Selhurst Park,David Coote,Match Report,
52,5,Sun,2024-09-22,14:00,Brighton,1.4,2–2,Nott'ham Forest,"31,444",The American Express Stadium,Robert Jones,Match Report,
53,5,Sun,2024-09-22,16:30,Manchester City,0.7,2–2,Arsenal,"52,846",Etihad Stadium,Michael Oliver,Match Report,
54,,,,,,,,,,,,,
55,6,Sat,2024-09-28,12:30,Newcastle Utd,0.9,1–1,Manchester City,"52,248",St James' Park,Jarred Gillett,Match Report,
56,6,Sat,2024-09-28,15:00,Chelsea,1.1,4–2,Brighton,"39,495",Stamford Bridge,Peter Bankes,Match Report,
57,6,Sat,2024-09-28,15:00,Arsenal,0.3,4–2,Leicester City,"60,323",Emirates Stadium,Samuel Barrott,Match Report,
58,6,Sat,2024-09-28,15:00,Brentford,1.0,1–1,West Ham,"17,050",Gtech Community Stadium,Simon Hooper,Match Report,
59,6,Sat,2024-09-28,15:00,Everton,0.9,2–1,Crystal Palace,"38,954",Goodison Park,Andy Madley,Match Report,
60,6,Sat,2024-09-28,15:00,Nott'ham Forest,1.3,0–1,Fulham,"30,139",The City Ground,Joshua Smith,Match Report,
61,6,Sat,2024-09-28,17:30,Wolves,2.5,1–2,Liverpool,"31,413",Molineux Stadium,Anthony Taylor,Match Report,
62,6,Sun,2024-09-29,14:00,Ipswich Town,0.8,2–2,Aston Villa,"29,943",Portman Road Stadium,Stuart Attwell,Match Report,
63,6,Sun,2024-09-29,16:30,Manchester Utd,4.4,0–3,Tottenham,"73,587",Old Trafford,Chris Kavanagh,Match Report,
64,6,Mon,2024-09-30,20:00,Bournemouth,0.6,3–1,Southampton,"11,243",Vitality Stadium,Michael Oliver,Match Report,
65,,,,,,,,,,,,,
66,7,Sat,2024-10-05,12:30,Crystal Palace,1.4,0–1,Liverpool,"25,185",Selhurst Park,Simon Hooper,Match Report,
67,7,Sat,2024-10-05,15:00,Manchester City,2.6,3–2,Fulham,"53,017",Etihad Stadium,Peter Bankes,Match Report,
68,7,Sat,2024-10-05,15:00,Brentford,1.0,5–3,Wolves,"16,960",Gtech Community Stadium,Andy Madley,Match Report,
69,7,Sat,2024-10-05,15:00,West Ham,0.6,4–1,Ipswich Town,"62,467",London Stadium,Anthony Taylor,Match Report,
70,7,Sat,2024-10-05,15:00,Arsenal,0.6,3–1,Southampton,"60,307",Emirates Stadium,Tony Harrington,Match Report,
71,7,Sat,2024-10-05,15:00,Leicester City,2.1,1–0,Bournemouth,"31,706",King Power Stadium,Darren Bond,Match Report,
72,7,Sat,2024-10-05,17:30,Everton,2.1,0–0,Newcastle Utd,"39,265",Goodison Park,Craig Pawson,Match Report,
73,7,Sun,2024-10-06,14:00,Aston Villa,0.6,0–0,Manchester Utd,"42,682",Villa Park,Robert Jones,Match Report,
74,7,Sun,2024-10-06,14:00,Chelsea,0.9,1–1,Nott'ham Forest,"39,501",Stamford Bridge,Chris Kavanagh,Match Report,
75,7,Sun,2024-10-06,16:30,Brighton,1.3,3–2,Tottenham,"31,487",The American Express Stadium,David Coote,Match Report,
76,,,,,,,,,,,,,
77,8,Sat,2024-10-19,12:30,Tottenham,0.8,4–1,West Ham,"61,381",Tottenham Hotspur Stadium,Andy Madley,Match Report,
78,8,Sat,2024-10-19,15:00,Southampton,3.1,2–3,Leicester City,"31,145",St Mary's Stadium,Anthony Taylor,Match Report,
79,8,Sat,2024-10-19,15:00,Ipswich Town,1.7,0–2,Everton,"29,862",Portman Road Stadium,Michael Oliver,Match Report,
80,8,Sat,2024-10-19,15:00,Newcastle Utd,1.1,0–1,Brighton,"52,220",St James' Park,Peter Bankes,Match Report,
81,8,Sat,2024-10-19,15:00,Fulham,1.6,1–3,Aston Villa,"26,743",Craven Cottage,Darren England,Match Report,
82,8,Sat,2024-10-19,15:00,Manchester Utd,0.9,2–1,Brentford,"73,738",Old Trafford,Samuel Barrott,Match Report,
83,8,Sat,2024-10-19,17:30,Bournemouth,0.7,2–0,Arsenal,"11,235",Vitality Stadium,Robert Jones,Match Report,
84,8,Sun,2024-10-20,14:00,Wolves,1.6,1–2,Manchester City,"31,319",Molineux Stadium,Chris Kavanagh,Match Report,
85,8,Sun,2024-10-20,16:30,Liverpool,1.0,2–1,Chelsea,"60,277",Anfield,John Brooks,Match Report,
86,8,Mon,2024-10-21,20:00,Nott'ham Forest,1.0,1–0,Crystal Palace,"29,443",The City Ground,Tim Robinson,Match Report,
87,,,,,,,,,,,,,
88,9,Fri,2024-10-25,20:00,Leicester City,1.7,1–3,Nott'ham Forest,"31,879",King Power Stadium,Craig Pawson,Match Report,
89,9,Sat,2024-10-26,15:00,Brentford,1.3,4–3,Ipswich Town,"17,109",Gtech Community Stadium,Lewis Smith,Match Report,
90,9,Sat,2024-10-26,15:00,Brighton,1.3,2–2,Wolves,"31,840",The American Express Stadium,Michael Oliver,Match Report,
91,9,Sat,2024-10-26,15:00,Manchester City,0.2,1–0,Southampton,"52,844",Etihad Stadium,Tony Harrington,Match Report,
92,9,Sat,2024-10-26,15:00,Aston Villa,0.3,1–1,Bournemouth,"42,165",Villa Park,Chris Kavanagh,Match Report,
93,9,Sat,2024-10-26,17:30,Everton,1.2,1–1,Fulham,"38,742",Goodison Park,John Brooks,Match Report,
94,9,Sun,2024-10-27,14:00,Chelsea,1.8,2–1,Newcastle Utd,"39,526",Stamford Bridge,Simon Hooper,Match Report,
95,9,Sun,2024-10-27,14:00,West Ham,2.3,2–1,Manchester Utd,"62,474",London Stadium,David Coote,Match Report,
96,9,Sun,2024-10-27,14:00,Crystal Palace,0.7,1–0,Tottenham,"25,108",Selhurst Park,Darren Bond,Match Report,
97,9,Sun,2024-10-27,16:30,Arsenal,0.8,2–2,Liverpool,"60,383",Emirates Stadium,Anthony Taylor,Match Report,
98,,,,,,,,,,,,,
99,10,Sat,2024-11-02,12:30,Newcastle Utd,1.1,1–0,Arsenal,"52,249",St James' Park,John Brooks,Match Report,
100,10,Sat,2024-11-02,15:00,Southampton,1.6,1–0,Everton,"31,143",St Mary's Stadium,Andy Madley,Match Report,
101,10,Sat,2024-11-02,15:00,Liverpool,1.0,2–1,Brighton,"60,331",Anfield,Tony Harrington,Match Report,
102,10,Sat,2024-11-02,15:00,Nott'ham Forest,0.1,3–0,West Ham,"30,112",The City Ground,Peter Bankes,Match Report,
103,10,Sat,2024-11-02,15:00,Ipswich Town,1.5,1–1,Leicester City,"29,874",Portman Road Stadium,Tim Robinson,Match Report,
104,10,Sat,2024-11-02,15:00,Bournemouth,1.6,2–1,Manchester City,"11,231",Vitality Stadium,Michael Oliver,Match Report,
105,10,Sat,2024-11-02,17:30,Wolves,2.4,2–2,Crystal Palace,"31,124",Molineux Stadium,Anthony Taylor,Match Report,
106,10,Sun,2024-11-03,14:00,Tottenham,1.8,4–1,Aston Villa,"61,253",Tottenham Hotspur Stadium,Craig Pawson,Match Report,
107,10,Sun,2024-11-03,16:30,Manchester Utd,1.1,1–1,Chelsea,"73,813",Old Trafford,Robert Jones,Match Report,
108,10,Mon,2024-11-04,20:00,Fulham,0.6,2–1,Brentford,"24,931",Craven Cottage,Stuart Attwell,Match Report,
109,,,,,,,,,,,,,
110,11,Sat,2024-11-09,15:00,Brentford,2.6,3–2,Bournemouth,"16,587",Gtech Community Stadium,Darren Bond,Match Report,
111,11,Sat,2024-11-09,15:00,West Ham,1.1,0–0,Everton,"62,463",London Stadium,Stuart Attwell,Match Report,
112,11,Sat,2024-11-09,15:00,Crystal Palace,1.8,0–2,Fulham,"25,142",Selhurst Park,Michael Salisbury,Match Report,
113,11,Sat,2024-11-09,15:00,Wolves,0.6,2–0,Southampton,"31,403",Molineux Stadium,Thomas Bramall,Match Report,
114,11,Sat,2024-11-09,17:30,Brighton,2.1,2–1,Manchester City,"31,715",The American Express Stadium,Samuel Barrott,Match Report,
115,11,Sat,2024-11-09,20:00,Liverpool,1.2,2–0,Aston Villa,"60,292",Anfield,David Coote,Match Report,
116,11,Sun,2024-11-10,14:00,Manchester Utd,0.6,3–0,Leicester City,"73,829",Old Trafford,Peter Bankes,Match Report,
117,11,Sun,2024-11-10,14:00,Nott'ham Forest,1.6,1–3,Newcastle Utd,"30,145",The City Ground,Anthony Taylor,Match Report,
118,11,Sun,2024-11-10,14:00,Tottenham,1.6,1–2,Ipswich Town,"61,505",Tottenham Hotspur Stadium,Darren England,Match Report,
119,11,Sun,2024-11-10,16:30,Chelsea,1.5,1–1,Arsenal,"39,780",Stamford Bridge,Michael Oliver,Match Report,
120,,,,,,,,,,,,,
121,12,Sat,2024-11-23,12:30,Leicester City,2.7,1–2,Chelsea,"31,880",King Power Stadium,Andy Madley,Match Report,
122,12,Sat,2024-11-23,15:00,Arsenal,0.3,3–0,Nott'ham Forest,"60,298",Emirates Stadium,Simon Hooper,Match Report,
123,12,Sat,2024-11-23,15:00,Bournemouth,0.9,1–2,Brighton,"11,196",Vitality Stadium,Stuart Attwell,Match Report,
124,12,Sat,2024-11-23,15:00,Aston Villa,1.3,2–2,Crystal Palace,"42,175",Villa Park,Tim Robinson,Match Report,
125,12,Sat,2024-11-23,15:00,Everton,1.1,0–0,Brentford,"38,915",Goodison Park,Chris Kavanagh,Match Report,
126,12,Sat,2024-11-23,15:00,Fulham,1.3,1–4,Wolves,"26,685",Craven Cottage,Robert Jones,Match Report,
127,12,Sat,2024-11-23,17:30,Manchester City,2.5,0–4,Tottenham,"52,478",Etihad Stadium,John Brooks,Match Report,
128,12,Sun,2024-11-24,14:00,Southampton,3.1,2–3,Liverpool,"31,278",St Mary's Stadium,Samuel Barrott,Match Report,
129,12,Sun,2024-11-24,16:30,Ipswich Town,0.8,1–1,Manchester Utd,"30,017",Portman Road Stadium,Anthony Taylor,Match Report,
130,12,Mon,2024-11-25,20:00,Newcastle Utd,0.9,0–2,West Ham,"52,094",St James' Park,Craig Pawson,Match Report,
131,,,,,,,,,,,,,
132,13,Fri,2024-11-29,20:00,Brighton,1.0,1–1,Southampton,"31,542",The American Express Stadium,Robert Jones,Match Report,
133,13,Sat,2024-11-30,15:00,Crystal Palace,0.0,1–1,Newcastle Utd,"25,101",Selhurst Park,Darren England,Match Report,
134,13,Sat,2024-11-30,15:00,Wolves,3.3,2–4,Bournemouth,"26,685",Molineux Stadium,Peter Bankes,Match Report,
135,13,Sat,2024-11-30,15:00,Nott'ham Forest,0.6,1–0,Ipswich Town,"30,237",The City Ground,Tony Harrington,Match Report,
136,13,Sat,2024-11-30,15:00,Brentford,1.1,4–1,Leicester City,"17,084",Gtech Community Stadium,Michael Oliver,Match Report,
137,13,Sat,2024-11-30,17:30,West Ham,3.5,2–5,Arsenal,"62,475",London Stadium,Anthony Taylor,Match Report,
138,13,Sun,2024-12-01,13:30,Chelsea,1.2,3–0,Aston Villa,"40,853",Stamford Bridge,Stuart Attwell,Match Report,
139,13,Sun,2024-12-01,13:30,Tottenham,1.5,1–1,Fulham,"61,141",Tottenham Hotspur Stadium,Darren Bond,Match Report,
140,13,Sun,2024-12-01,13:30,Manchester Utd,0.6,4–0,Everton,"73,817",Old Trafford,John Brooks,Match Report,
141,13,Sun,2024-12-01,16:00,Liverpool,0.8,2–0,Manchester City,"60,248",Anfield,Chris Kavanagh,Match Report,
142,,,,,,,,,,,,,
143,14,Tue,2024-12-03,19:30,Ipswich Town,1.6,0–1,Crystal Palace,"29,533",Portman Road Stadium,Craig Pawson,Match Report,
144,14,Tue,2024-12-03,20:15,Leicester City,3.0,3–1,West Ham,"30,947",King Power Stadium,Joshua Smith,Match Report,
145,14,Wed,2024-12-04,19:30,Everton,0.8,4–0,Wolves,"38,820",Goodison Park,Michael Salisbury,Match Report,
146,14,Wed,2024-12-04,19:30,Newcastle Utd,1.9,3–3,Liverpool,"52,237",St James' Park,Andy Madley,Match Report,
147,14,Wed,2024-12-04,19:30,Manchester City,1.0,3–0,Nott'ham Forest,"51,764",Etihad Stadium,Michael Oliver,Match Report,
148,14,Wed,2024-12-04,19:30,Southampton,5.2,1–5,Chelsea,"31,193",St Mary's Stadium,Tony Harrington,Match Report,
149,14,Wed,2024-12-04,20:15,Arsenal,0.2,2–0,Manchester Utd,"60,256",Emirates Stadium,Samuel Barrott,Match Report,
150,14,Wed,2024-12-04,20:15,Aston Villa,0.9,3–1,Brentford,"42,148",Villa Park,Lewis Smith,Match Report,
151,14,Thu,2024-12-05,19:30,Fulham,1.4,3–1,Brighton,"26,368",Craven Cottage,Peter Bankes,Match Report,
152,14,Thu,2024-12-05,20:15,Bournemouth,0.9,1–0,Tottenham,"11,234",Vitality Stadium,Simon Hooper,Match Report,
153,,,,,,,,,,,,,
154,15,Sat,2024-12-07,,Everton,,,Liverpool,,Goodison Park,,,Match Postponed
155,15,Sat,2024-12-07,15:00,Brentford,1.5,4–2,Newcastle Utd,"17,078",Gtech Community Stadium,Simon Hooper,Match Report,
156,15,Sat,2024-12-07,15:00,Crystal Palace,1.4,2–2,Manchester City,"25,142",Selhurst Park,Robert Jones,Match Report,
157,15,Sat,2024-12-07,15:00,Aston Villa,0.3,1–0,Southampton,"42,453",Villa Park,Darren Bond,Match Report,
158,15,Sat,2024-12-07,17:30,Manchester Utd,0.8,2–3,Nott'ham Forest,"73,778",Old Trafford,Darren England,Match Report,
159,15,Sun,2024-12-08,14:00,Fulham,1.8,1–1,Arsenal,"26,954",Craven Cottage,Chris Kavanagh,Match Report,
160,15,Sun,2024-12-08,14:00,Ipswich Town,3.2,1–2,Bournemouth,"29,180",Portman Road Stadium,Michael Salisbury,Match Report,
161,15,Sun,2024-12-08,14:00,Leicester City,1.5,2–2,Brighton,"31,647",King Power Stadium,Stuart Attwell,Match Report,
162,15,Sun,2024-12-08,16:30,Tottenham,2.8,3–4,Chelsea,"61,184",Tottenham Hotspur Stadium,Anthony Taylor,Match Report,
163,15,Mon,2024-12-09,20:00,West Ham,1.4,2–1,Wolves,"62,474",London Stadium,John Brooks,Match Report,
164,,,,,,,,,,,,,
165,16,Sat,2024-12-14,15:00,Newcastle Utd,0.2,4–0,Leicester City,"52,235",St James' Park,Thomas Bramall,Match Report,
166,16,Sat,2024-12-14,15:00,Arsenal,0.1,0–0,Everton,"60,176",Emirates Stadium,Craig Pawson,Match Report,
167,16,Sat,2024-12-14,15:00,Wolves,1.1,1–2,Ipswich Town,"30,866",Molineux Stadium,Simon Hooper,Match Report,
168,16,Sat,2024-12-14,15:00,Liverpool,1.2,2–2,Fulham,"60,333",Anfield,Tony Harrington,Match Report,
169,16,Sat,2024-12-14,17:30,Nott'ham Forest,0.4,2–1,Aston Villa,"30,117",The City Ground,Samuel Barrott,Match Report,
170,16,Sun,2024-12-15,14:00,Brighton,2.2,1–3,Crystal Palace,"30,893",The American Express Stadium,Michael Oliver,Match Report,
171,16,Sun,2024-12-15,16:30,Manchester City,2.1,1–2,Manchester Utd,"53,184",Etihad Stadium,Anthony Taylor,Match Report,
172,16,Sun,2024-12-15,19:00,Southampton,2.3,0–5,Tottenham,"31,090",St Mary's Stadium,Darren England,Match Report,
173,16,Sun,2024-12-15,19:00,Chelsea,1.6,2–1,Brentford,"39,571",Stamford Bridge,Peter Bankes,Match Report,
174,16,Mon,2024-12-16,20:00,Bournemouth,2.1,1–1,West Ham,"11,204",Vitality Stadium,Chris Kavanagh,Match Report,
175,,,,,,,,,,,,,
176,17,Sat,2024-12-21,12:30,Aston Villa,1.0,2–1,Manchester City,"42,345",Villa Park,Peter Bankes,Match Report,
177,17,Sat,2024-12-21,15:00,West Ham,0.9,1–1,Brighton,"62,460",London Stadium,Robert Jones,Match Report,
178,17,Sat,2024-12-21,15:00,Brentford,0.9,0–2,Nott'ham Forest,"17,115",Gtech Community Stadium,Michael Oliver,Match Report,
179,17,Sat,2024-12-21,15:00,Ipswich Town,2.3,0–4,Newcastle Utd,"29,774",Portman Road Stadium,Stuart Attwell,Match Report,
180,17,Sat,2024-12-21,17:30,Crystal Palace,2.5,1–5,Arsenal,"25,167",Selhurst Park,Simon Hooper,Match Report,
181,17,Sun,2024-12-22,14:00,Manchester Utd,1.6,0–3,Bournemouth,"73,720",Old Trafford,Craig Pawson,Match Report,
182,17,Sun,2024-12-22,14:00,Fulham,0.3,0–0,Southampton,"26,819",Craven Cottage,Tim Robinson,Match Report,
183,17,Sun,2024-12-22,14:00,Everton,1.2,0–0,Chelsea,"39,358",Goodison Park,Chris Kavanagh,Match Report,
184,17,Sun,2024-12-22,14:00,Leicester City,1.1,0–3,Wolves,"31,818",King Power Stadium,Anthony Taylor,Match Report,
185,17,Sun,2024-12-22,16:30,Tottenham,5.6,3–6,Liverpool,"61,439",Tottenham Hotspur Stadium,Samuel Barrott,Match Report,
186,,,,,,,,,,,,,
187,18,Thu,2024-12-26,12:30,Manchester City,0.7,1–1,Everton,"55,527",Etihad Stadium,Simon Hooper,Match Report,
188,18,Thu,2024-12-26,15:00,Chelsea,1.8,1–2,Fulham,"39,687",Stamford Bridge,Samuel Barrott,Match Report,
189,18,Thu,2024-12-26,15:00,Southampton,1.7,0–1,West Ham,"31,059",St Mary's Stadium,Lewis Smith,Match Report,
190,18,Thu,2024-12-26,15:00,Bournemouth,0.4,0–0,Crystal Palace,"11,129",Vitality Stadium,Thomas Bramall,Match Report,
191,18,Thu,2024-12-26,15:00,Newcastle Utd,0.3,3–0,Aston Villa,"52,168",St James' Park,Anthony Taylor,Match Report,
192,18,Thu,2024-12-26,15:00,Nott'ham Forest,0.9,1–0,Tottenham,"30,200",The City Ground,Craig Pawson,Match Report,
193,18,Thu,2024-12-26,17:30,Wolves,0.4,2–0,Manchester Utd,"31,407",Molineux Stadium,Tony Harrington,Match Report,
194,18,Thu,2024-12-26,20:00,Liverpool,0.3,3–1,Leicester City,"60,300",Anfield,Darren Bond,Match Report,
195,18,Fri,2024-12-27,19:30,Brighton,1.1,0–0,Brentford,"31,548",The American Express Stadium,Andy Madley,Match Report,
196,18,Fri,2024-12-27,20:15,Arsenal,0.2,1–0,Ipswich Town,"60,271",Emirates Stadium,Darren England,Match Report,
197,,,,,,,,,,,,,
198,19,Sun,2024-12-29,14:30,Leicester City,1.3,0–2,Manchester City,"32,057",King Power Stadium,Michael Oliver,Match Report,
199,19,Sun,2024-12-29,15:00,Tottenham,0.7,2–2,Wolves,"61,284",Tottenham Hotspur Stadium,Chris Kavanagh,Match Report,
200,19,Sun,2024-12-29,15:00,Fulham,2.0,2–2,Bournemouth,"27,301",Craven Cottage,Robert Jones,Match Report,
201,19,Sun,2024-12-29,15:00,Everton,1.5,0–2,Nott'ham Forest,"25,414",Goodison Park,Tony Harrington,Match Report,
202,19,Sun,2024-12-29,15:00,Crystal Palace,0.9,2–1,Southampton,"25,130",Selhurst Park,Michael Salisbury,Match Report,
203,19,Sun,2024-12-29,17:15,West Ham,3.1,0–5,Liverpool,"62,476",London Stadium,Anthony Taylor,Match Report,
204,19,Mon,2024-12-30,19:45,Aston Villa,1.1,2–2,Brighton,"41,414",Villa Park,Craig Pawson,Match Report,
205,19,Mon,2024-12-30,19:45,Ipswich Town,2.0,2–0,Chelsea,"29,968",Portman Road Stadium,John Brooks,Match Report,
206,19,Mon,2024-12-30,20:00,Manchester Utd,1.9,0–2,Newcastle Utd,"73,809",Old Trafford,Simon Hooper,Match Report,
207,19,Wed,2025-01-01,17:30,Brentford,1.9,1–3,Arsenal,"47,190",Gtech Community Stadium,Peter Bankes,Match Report,
208,,,,,,,,,,,,,
209,20,Sat,2025-01-04,12:30,Tottenham,2.4,1–2,Newcastle Utd,"61,293",Tottenham Hotspur Stadium,Andy Madley,Match Report,
210,20,Sat,2025-01-04,15:00,Southampton,4.4,0–5,Brentford,"31,001",St Mary's Stadium,Stuart Attwell,Match Report,
211,20,Sat,2025-01-04,15:00,Bournemouth,0.7,1–0,Everton,,Vitality Stadium,John Brooks,Match Report,
212,20,Sat,2025-01-04,15:00,Crystal Palace,1.2,1–1,Chelsea,"25,179",Selhurst Park,Tim Robinson,Match Report,
213,20,Sat,2025-01-04,15:00,Manchester City,1.4,4–1,West Ham,,Etihad Stadium,Michael Salisbury,Match Report,
214,20,Sat,2025-01-04,15:00,Aston Villa,0.4,2–1,Leicester City,"42,386",Villa Park,Jarred Gillett,Match Report,
215,20,Sat,2025-01-04,17:30,Brighton,0.9,1–1,Arsenal,"31,714",The American Express Stadium,Anthony Taylor,Match Report,
216,20,Sun,2025-01-05,14:00,Fulham,,,Ipswich Town,,Craven Cottage,,Head-to-Head,
217,20,Sun,2025-01-05,16:30,Liverpool,,,Manchester Utd,,Anfield,,Head-to-Head,
218,20,Mon,2025-01-06,20:00,Wolves,,,Nott'ham Forest,,Molineux Stadium,,Head-to-Head,
219,,,,,,,,,,,,,
220,21,Tue,2025-01-14,19:30,Brentford,,,Manchester City,,Gtech Community Stadium,,Head-to-Head,
221,21,Tue,2025-01-14,19:30,West Ham,,,Fulham,,London Stadium,,Head-to-Head,
222,21,Tue,2025-01-14,19:30,Chelsea,,,Bournemouth,,Stamford Bridge,,Head-to-Head,
223,21,Tue,2025-01-14,20:00,Nott'ham Forest,,,Liverpool,,The City Ground,,Head-to-Head,
224,21,Wed,2025-01-15,19:30,Everton,,,Aston Villa,,Goodison Park,,Head-to-Head,
225,21,Wed,2025-01-15,19:30,Newcastle Utd,,,Wolves,,St James' Park,,Head-to-Head,
226,21,Wed,2025-01-15,19:30,Leicester City,,,Crystal Palace,,King Power Stadium,,Head-to-Head,
227,21,Wed,2025-01-15,20:00,Arsenal,,,Tottenham,,Emirates Stadium,,Head-to-Head,
228,21,Thu,2025-01-16,19:30,Ipswich Town,,,Brighton,,Portman Road Stadium,,Head-to-Head,
229,21,Thu,2025-01-16,20:00,Manchester Utd,,,Southampton,,Old Trafford,,Head-to-Head,
230,,,,,,,,,,,,,
231,22,Sat,2025-01-18,12:30,Newcastle Utd,,,Bournemouth,,St James' Park,,Head-to-Head,
232,22,Sat,2025-01-18,15:00,West Ham,,,Crystal Palace,,London Stadium,,Head-to-Head,
233,22,Sat,2025-01-18,15:00,Brentford,,,Liverpool,,Gtech Community Stadium,,Head-to-Head,
234,22,Sat,2025-01-18,15:00,Leicester City,,,Fulham,,King Power Stadium,,Head-to-Head,
235,22,Sat,2025-01-18,17:30,Arsenal,,,Aston Villa,,Emirates Stadium,,Head-to-Head,
236,22,Sun,2025-01-19,14:00,Manchester Utd,,,Brighton,,Old Trafford,,Head-to-Head,
237,22,Sun,2025-01-19,14:00,Nott'ham Forest,,,Southampton,,The City Ground,,Head-to-Head,
238,22,Sun,2025-01-19,14:00,Everton,,,Tottenham,,Goodison Park,,Head-to-Head,
239,22,Sun,2025-01-19,16:30,Ipswich Town,,,Manchester City,,Portman Road Stadium,,Head-to-Head,
240,22,Mon,2025-01-20,20:00,Chelsea,,,Wolves,,Stamford Bridge,,Head-to-Head,
241,,,,,,,,,,,,,
242,23,Sat,2025-01-25,15:00,Wolves,,,Arsenal,,Molineux Stadium,,Head-to-Head,
243,23,Sat,2025-01-25,15:00,Southampton,,,Newcastle Utd,,St Mary's Stadium,,Head-to-Head,
244,23,Sat,2025-01-25,15:00,Brighton,,,Everton,,The American Express Stadium,,Head-to-Head,
245,23,Sat,2025-01-25,15:00,Liverpool,,,Ipswich Town,,Anfield,,Head-to-Head,
246,23,Sat,2025-01-25,15:00,Bournemouth,,,Nott'ham Forest,,Vitality Stadium,,Head-to-Head,
247,23,Sat,2025-01-25,17:30,Manchester City,,,Chelsea,,Etihad Stadium,,Head-to-Head,
248,23,Sun,2025-01-26,14:00,Crystal Palace,,,Brentford,,Selhurst Park,,Head-to-Head,
249,23,Sun,2025-01-26,14:00,Tottenham,,,Leicester City,,Tottenham Hotspur Stadium,,Head-to-Head,
250,23,Sun,2025-01-26,16:30,Aston Villa,,,West Ham,,Villa Park,,Head-to-Head,
251,23,Sun,2025-01-26,19:00,Fulham,,,Manchester Utd,,Craven Cottage,,Head-to-Head,
252,,,,,,,,,,,,,
253,24,Sat,2025-02-01,12:30,Nott'ham Forest,,,Brighton,,The City Ground,,Head-to-Head,
254,24,Sat,2025-02-01,15:00,Ipswich Town,,,Southampton,,Portman Road Stadium,,Head-to-Head,
255,24,Sat,2025-02-01,15:00,Everton,,,Leicester City,,Goodison Park,,Head-to-Head,
256,24,Sat,2025-02-01,15:00,Newcastle Utd,,,Fulham,,St James' Park,,Head-to-Head,
257,24,Sat,2025-02-01,15:00,Bournemouth,,,Liverpool,,Vitality Stadium,,Head-to-Head,
258,24,Sat,2025-02-01,17:30,Wolves,,,Aston Villa,,Molineux Stadium,,Head-to-Head,
259,24,Sun,2025-02-02,14:00,Brentford,,,Tottenham,,Gtech Community Stadium,,Head-to-Head,
260,24,Sun,2025-02-02,14:00,Manchester Utd,,,Crystal Palace,,Old Trafford,,Head-to-Head,
261,24,Sun,2025-02-02,16:30,Arsenal,,,Manchester City,,Emirates Stadium,,Head-to-Head,
262,24,Mon,2025-02-03,20:00,Chelsea,,,West Ham,,Stamford Bridge,,Head-to-Head,
263,,,,,,,,,,,,,
264,25,Fri,2025-02-14,20:00,Brighton,,,Chelsea,,The American Express Stadium,,Head-to-Head,
265,25,Sat,2025-02-15,12:30,Leicester City,,,Arsenal,,King Power Stadium,,Head-to-Head,
266,25,Sat,2025-02-15,15:00,Aston Villa,,,Ipswich Town,,Villa Park,,Head-to-Head,
267,25,Sat,2025-02-15,15:00,Fulham,,,Nott'ham Forest,,Craven Cottage,,Head-to-Head,
268,25,Sat,2025-02-15,15:00,West Ham,,,Brentford,,London Stadium,,Head-to-Head,
269,25,Sat,2025-02-15,15:00,Manchester City,,,Newcastle Utd,,Etihad Stadium,,Head-to-Head,
270,25,Sat,2025-02-15,15:00,Southampton,,,Bournemouth,,St Mary's Stadium,,Head-to-Head,
271,25,Sat,2025-02-15,17:30,Crystal Palace,,,Everton,,Selhurst Park,,Head-to-Head,
272,25,Sun,2025-02-16,14:00,Liverpool,,,Wolves,,Anfield,,Head-to-Head,
273,25,Sun,2025-02-16,16:30,Tottenham,,,Manchester Utd,,Tottenham Hotspur Stadium,,Head-to-Head,
274,,,,,,,,,,,,,
275,26,Fri,2025-02-21,20:00,Leicester City,,,Brentford,,King Power Stadium,,Head-to-Head,
276,26,Sat,2025-02-22,12:30,Everton,,,Manchester Utd,,Goodison Park,,Head-to-Head,
277,26,Sat,2025-02-22,15:00,Fulham,,,Crystal Palace,,Craven Cottage,,Head-to-Head,
278,26,Sat,2025-02-22,15:00,Ipswich Town,,,Tottenham,,Portman Road Stadium,,Head-to-Head,
279,26,Sat,2025-02-22,15:00,Bournemouth,,,Wolves,,Vitality Stadium,,Head-to-Head,
280,26,Sat,2025-02-22,15:00,Arsenal,,,West Ham,,Emirates Stadium,,Head-to-Head,
281,26,Sat,2025-02-22,15:00,Southampton,,,Brighton,,St Mary's Stadium,,Head-to-Head,
282,26,Sat,2025-02-22,17:30,Aston Villa,,,Chelsea,,Villa Park,,Head-to-Head,
283,26,Sun,2025-02-23,14:00,Newcastle Utd,,,Nott'ham Forest,,St James' Park,,Head-to-Head,
284,26,Sun,2025-02-23,16:30,Manchester City,,,Liverpool,,Etihad Stadium,,Head-to-Head,
285,,,,,,,,,,,,,
286,27,Tue,2025-02-25,19:45,West Ham,,,Leicester City,,London Stadium,,Head-to-Head,
287,27,Tue,2025-02-25,19:45,Brentford,,,Everton,,Gtech Community Stadium,,Head-to-Head,
288,27,Tue,2025-02-25,19:45,Tottenham,,,Manchester City,,Tottenham Hotspur Stadium,,Head-to-Head,
289,27,Tue,2025-02-25,19:45,Wolves,,,Fulham,,Molineux Stadium,,Head-to-Head,
290,27,Tue,2025-02-25,19:45,Nott'ham Forest,,,Arsenal,,The City Ground,,Head-to-Head,
291,27,Tue,2025-02-25,19:45,Brighton,,,Bournemouth,,The American Express Stadium,,Head-to-Head,
292,27,Tue,2025-02-25,20:00,Crystal Palace,,,Aston Villa,,Selhurst Park,,Head-to-Head,
293,27,Wed,2025-02-26,19:45,Chelsea,,,Southampton,,Stamford Bridge,,Head-to-Head,
294,27,Wed,2025-02-26,20:00,Liverpool,,,Newcastle Utd,,Anfield,,Head-to-Head,
295,27,Wed,2025-02-26,20:00,Manchester Utd,,,Ipswich Town,,Old Trafford,,Head-to-Head,
296,,,,,,,,,,,,,
297,28,Sat,2025-03-08,15:00,Liverpool,,,Southampton,,Anfield,,Head-to-Head,
298,28,Sat,2025-03-08,15:00,Chelsea,,,Leicester City,,Stamford Bridge,,Head-to-Head,
299,28,Sat,2025-03-08,15:00,Wolves,,,Everton,,Molineux Stadium,,Head-to-Head,
300,28,Sat,2025-03-08,15:00,West Ham,,,Newcastle Utd,,London Stadium,,Head-to-Head,
301,28,Sat,2025-03-08,15:00,Tottenham,,,Bournemouth,,Tottenham Hotspur Stadium,,Head-to-Head,
302,28,Sat,2025-03-08,15:00,Manchester Utd,,,Arsenal,,Old Trafford,,Head-to-Head,
303,28,Sat,2025-03-08,15:00,Crystal Palace,,,Ipswich Town,,Selhurst Park,,Head-to-Head,
304,28,Sat,2025-03-08,15:00,Nott'ham Forest,,,Manchester City,,The City Ground,,Head-to-Head,
305,28,Sat,2025-03-08,15:00,Brighton,,,Fulham,,The American Express Stadium,,Head-to-Head,
306,28,Sat,2025-03-08,15:00,Brentford,,,Aston Villa,,Gtech Community Stadium,,Head-to-Head,
307,,,,,,,,,,,,,
308,29,Sat,2025-03-15,15:00,Arsenal,,,Chelsea,,Emirates Stadium,,Head-to-Head,
309,29,Sat,2025-03-15,15:00,Aston Villa,,,Liverpool,,Villa Park,,Head-to-Head,
310,29,Sat,2025-03-15,15:00,Fulham,,,Tottenham,,Craven Cottage,,Head-to-Head,
311,29,Sat,2025-03-15,15:00,Newcastle Utd,,,Crystal Palace,,St James' Park,,Head-to-Head,
312,29,Sat,2025-03-15,15:00,Leicester City,,,Manchester Utd,,King Power Stadium,,Head-to-Head,
313,29,Sat,2025-03-15,15:00,Manchester City,,,Brighton,,Etihad Stadium,,Head-to-Head,
314,29,Sat,2025-03-15,15:00,Ipswich Town,,,Nott'ham Forest,,Portman Road Stadium,,Head-to-Head,
315,29,Sat,2025-03-15,15:00,Everton,,,West Ham,,Goodison Park,,Head-to-Head,
316,29,Sat,2025-03-15,15:00,Southampton,,,Wolves,,St Mary's Stadium,,Head-to-Head,
317,29,Sat,2025-03-15,15:00,Bournemouth,,,Brentford,,Vitality Stadium,,Head-to-Head,
318,,,,,,,,,,,,,
319,30,Tue,2025-04-01,19:45,Brighton,,,Aston Villa,,The American Express Stadium,,Head-to-Head,
320,30,Tue,2025-04-01,19:45,Bournemouth,,,Ipswich Town,,Vitality Stadium,,Head-to-Head,
321,30,Tue,2025-04-01,19:45,Wolves,,,West Ham,,Molineux Stadium,,Head-to-Head,
322,30,Tue,2025-04-01,19:45,Arsenal,,,Fulham,,Emirates Stadium,,Head-to-Head,
323,30,Tue,2025-04-01,19:45,Nott'ham Forest,,,Manchester Utd,,The City Ground,,Head-to-Head,
324,30,Wed,2025-04-02,19:45,Southampton,,,Crystal Palace,,St Mary's Stadium,,Head-to-Head,
325,30,Wed,2025-04-02,19:45,Chelsea,,,Tottenham,,Stamford Bridge,,Head-to-Head,
326,30,Wed,2025-04-02,19:45,Manchester City,,,Leicester City,,Etihad Stadium,,Head-to-Head,
327,30,Wed,2025-04-02,19:45,Newcastle Utd,,,Brentford,,St James' Park,,Head-to-Head,
328,30,Wed,2025-04-02,20:00,Liverpool,,,Everton,,Anfield,,Head-to-Head,
329,,,,,,,,,,,,,
330,31,Sat,2025-04-05,15:00,West Ham,,,Bournemouth,,London Stadium,,Head-to-Head,
331,31,Sat,2025-04-05,15:00,Manchester Utd,,,Manchester City,,Old Trafford,,Head-to-Head,
332,31,Sat,2025-04-05,15:00,Brentford,,,Chelsea,,Gtech Community Stadium,,Head-to-Head,
333,31,Sat,2025-04-05,15:00,Aston Villa,,,Nott'ham Forest,,Villa Park,,Head-to-Head,
334,31,Sat,2025-04-05,15:00,Everton,,,Arsenal,,Goodison Park,,Head-to-Head,
335,31,Sat,2025-04-05,15:00,Fulham,,,Liverpool,,Craven Cottage,,Head-to-Head,
336,31,Sat,2025-04-05,15:00,Ipswich Town,,,Wolves,,Portman Road Stadium,,Head-to-Head,
337,31,Sat,2025-04-05,15:00,Leicester City,,,Newcastle Utd,,King Power Stadium,,Head-to-Head,
338,31,Sat,2025-04-05,15:00,Crystal Palace,,,Brighton,,Selhurst Park,,Head-to-Head,
339,31,Sat,2025-04-05,15:00,Tottenham,,,Southampton,,Tottenham Hotspur Stadium,,Head-to-Head,
340,,,,,,,,,,,,,
341,32,Sat,2025-04-12,15:00,Bournemouth,,,Fulham,,Vitality Stadium,,Head-to-Head,
342,32,Sat,2025-04-12,15:00,Newcastle Utd,,,Manchester Utd,,St James' Park,,Head-to-Head,
343,32,Sat,2025-04-12,15:00,Arsenal,,,Brentford,,Emirates Stadium,,Head-to-Head,
344,32,Sat,2025-04-12,15:00,Liverpool,,,West Ham,,Anfield,,Head-to-Head,
345,32,Sat,2025-04-12,15:00,Wolves,,,Tottenham,,Molineux Stadium,,Head-to-Head,
346,32,Sat,2025-04-12,15:00,Brighton,,,Leicester City,,The American Express Stadium,,Head-to-Head,
347,32,Sat,2025-04-12,15:00,Manchester City,,,Crystal Palace,,Etihad Stadium,,Head-to-Head,
348,32,Sat,2025-04-12,15:00,Nott'ham Forest,,,Everton,,The City Ground,,Head-to-Head,
349,32,Sat,2025-04-12,15:00,Chelsea,,,Ipswich Town,,Stamford Bridge,,Head-to-Head,
350,32,Sat,2025-04-12,15:00,Southampton,,,Aston Villa,,St Mary's Stadium,,Head-to-Head,
351,,,,,,,,,,,,,
352,33,Sat,2025-04-19,15:00,Leicester City,,,Liverpool,,King Power Stadium,,Head-to-Head,
353,33,Sat,2025-04-19,15:00,Ipswich Town,,,Arsenal,,Portman Road Stadium,,Head-to-Head,
354,33,Sat,2025-04-19,15:00,Brentford,,,Brighton,,Gtech Community Stadium,,Head-to-Head,
355,33,Sat,2025-04-19,15:00,Aston Villa,,,Newcastle Utd,,Villa Park,,Head-to-Head,
356,33,Sat,2025-04-19,15:00,Tottenham,,,Nott'ham Forest,,Tottenham Hotspur Stadium,,Head-to-Head,
357,33,Sat,2025-04-19,15:00,West Ham,,,Southampton,,London Stadium,,Head-to-Head,
358,33,Sat,2025-04-19,15:00,Crystal Palace,,,Bournemouth,,Selhurst Park,,Head-to-Head,
359,33,Sat,2025-04-19,15:00,Everton,,,Manchester City,,Goodison Park,,Head-to-Head,
360,33,Sat,2025-04-19,15:00,Fulham,,,Chelsea,,Craven Cottage,,Head-to-Head,
361,33,Sat,2025-04-19,15:00,Manchester Utd,,,Wolves,,Old Trafford,,Head-to-Head,
362,,,,,,,,,,,,,
363,34,Sat,2025-04-26,15:00,Chelsea,,,Everton,,Stamford Bridge,,Head-to-Head,
364,34,Sat,2025-04-26,15:00,Wolves,,,Leicester City,,Molineux Stadium,,Head-to-Head,
365,34,Sat,2025-04-26,15:00,Newcastle Utd,,,Ipswich Town,,St James' Park,,Head-to-Head,
366,34,Sat,2025-04-26,15:00,Manchester City,,,Aston Villa,,Etihad Stadium,,Head-to-Head,
367,34,Sat,2025-04-26,15:00,Liverpool,,,Tottenham,,Anfield,,Head-to-Head,
368,34,Sat,2025-04-26,15:00,Arsenal,,,Crystal Palace,,Emirates Stadium,,Head-to-Head,
369,34,Sat,2025-04-26,15:00,Bournemouth,,,Manchester Utd,,Vitality Stadium,,Head-to-Head,
370,34,Sat,2025-04-26,15:00,Southampton,,,Fulham,,St Mary's Stadium,,Head-to-Head,
371,34,Sat,2025-04-26,15:00,Nott'ham Forest,,,Brentford,,The City Ground,,Head-to-Head,
372,34,Sat,2025-04-26,15:00,Brighton,,,West Ham,,The American Express Stadium,,Head-to-Head,
373,,,,,,,,,,,,,
374,35,Sat,2025-05-03,15:00,Chelsea,,,Liverpool,,Stamford Bridge,,Head-to-Head,
375,35,Sat,2025-05-03,15:00,Brentford,,,Manchester Utd,,Gtech Community Stadium,,Head-to-Head,
376,35,Sat,2025-05-03,15:00,Manchester City,,,Wolves,,Etihad Stadium,,Head-to-Head,
377,35,Sat,2025-05-03,15:00,West Ham,,,Tottenham,,London Stadium,,Head-to-Head,
378,35,Sat,2025-05-03,15:00,Crystal Palace,,,Nott'ham Forest,,Selhurst Park,,Head-to-Head,
379,35,Sat,2025-05-03,15:00,Arsenal,,,Bournemouth,,Emirates Stadium,,Head-to-Head,
380,35,Sat,2025-05-03,15:00,Everton,,,Ipswich Town,,Goodison Park,,Head-to-Head,
381,35,Sat,2025-05-03,15:00,Aston Villa,,,Fulham,,Villa Park,,Head-to-Head,
382,35,Sat,2025-05-03,15:00,Brighton,,,Newcastle Utd,,The American Express Stadium,,Head-to-Head,
383,35,Sat,2025-05-03,15:00,Leicester City,,,Southampton,,King Power Stadium,,Head-to-Head,
384,,,,,,,,,,,,,
385,36,Sat,2025-05-10,15:00,Liverpool,,,Arsenal,,Anfield,,Head-to-Head,
386,36,Sat,2025-05-10,15:00,Southampton,,,Manchester City,,St Mary's Stadium,,Head-to-Head,
387,36,Sat,2025-05-10,15:00,Tottenham,,,Crystal Palace,,Tottenham Hotspur Stadium,,Head-to-Head,
388,36,Sat,2025-05-10,15:00,Fulham,,,Everton,,Craven Cottage,,Head-to-Head,
389,36,Sat,2025-05-10,15:00,Newcastle Utd,,,Chelsea,,St James' Park,,Head-to-Head,
390,36,Sat,2025-05-10,15:00,Nott'ham Forest,,,Leicester City,,The City Ground,,Head-to-Head,
391,36,Sat,2025-05-10,15:00,Manchester Utd,,,West Ham,,Old Trafford,,Head-to-Head,
392,36,Sat,2025-05-10,15:00,Bournemouth,,,Aston Villa,,Vitality Stadium,,Head-to-Head,
393,36,Sat,2025-05-10,15:00,Ipswich Town,,,Brentford,,Portman Road Stadium,,Head-to-Head,
394,36,Sat,2025-05-10,15:00,Wolves,,,Brighton,,Molineux Stadium,,Head-to-Head,
395,,,,,,,,,,,,,
396,37,Sun,2025-05-18,15:00,Brentford,,,Fulham,,Gtech Community Stadium,,Head-to-Head,
397,37,Sun,2025-05-18,15:00,Arsenal,,,Newcastle Utd,,Emirates Stadium,,Head-to-Head,
398,37,Sun,2025-05-18,15:00,Brighton,,,Liverpool,,The American Express Stadium,,Head-to-Head,
399,37,Sun,2025-05-18,15:00,Leicester City,,,Ipswich Town,,King Power Stadium,,Head-to-Head,
400,37,Sun,2025-05-18,15:00,West Ham,,,Nott'ham Forest,,London Stadium,,Head-to-Head,
401,37,Sun,2025-05-18,15:00,Everton,,,Southampton,,Goodison Park,,Head-to-Head,
402,37,Sun,2025-05-18,15:00,Aston Villa,,,Tottenham,,Villa Park,,Head-to-Head,
403,37,Sun,2025-05-18,15:00,Chelsea,,,Manchester Utd,,Stamford Bridge,,Head-to-Head,
404,37,Sun,2025-05-18,15:00,Manchester City,,,Bournemouth,,Etihad Stadium,,Head-to-Head,
405,37,Sun,2025-05-18,15:00,Crystal Palace,,,Wolves,,Selhurst Park,,Head-to-Head,
406,,,,,,,,,,,,,
407,38,Sun,2025-05-25,16:00,Southampton,,,Arsenal,,St Mary's Stadium,,Head-to-Head,
408,38,Sun,2025-05-25,16:00,Liverpool,,,Crystal Palace,,Anfield,,Head-to-Head,
409,38,Sun,2025-05-25,16:00,Ipswich Town,,,West Ham,,Portman Road Stadium,,Head-to-Head,
410,38,Sun,2025-05-25,16:00,Bournemouth,,,Leicester City,,Vitality Stadium,,Head-to-Head,
411,38,Sun,2025-05-25,16:00,Newcastle Utd,,,Everton,,St James' Park,,Head-to-Head,
412,38,Sun,2025-05-25,16:00,Fulham,,,Manchester City,,Craven Cottage,,Head-to-Head,
413,38,Sun,2025-05-25,16:00,Nott'ham Forest,,,Chelsea,,The City Ground,,Head-to-Head,
414,38,Sun,2025-05-25,16:00,Manchester Utd,,,Aston Villa,,Old Trafford,,Head-to-Head,
415,38,Sun,2025-05-25,16:00,Wolves,,,Brentford,,Molineux Stadium,,Head-to-Head,
416,38,Sun,2025-05-25,16:00,Tottenham,,,Brighton,,Tottenham Hotspur Stadium,,Head-to-Head,
